disease,donor_id,cell_type,tissue
Pick disease,R24_P2262,astrocyte,primary visual cortex
Pick disease,R24_P2262,astrocyte,insular cortex
Pick disease,R24_P2262,astrocyte,Brodmann (1909) area 4
Pick disease,R24_P2262,endothelial cell of vascular tree,primary visual cortex
Pick disease,R24_P2262,endothelial cell of vascular tree,insular cortex
Pick disease,R24_P2262,endothelial cell of vascular tree,Brodmann (1909) area 4
Pick disease,R24_P2262,glutamatergic neuron,primary visual cortex
Pick disease,R24_P2262,glutamatergic neuron,insular cortex
Pick disease,R24_P2262,glutamatergic neuron,Brodmann (1909) area 4
Pick disease,R24_P2262,inhibitory interneuron,primary visual cortex
Pick disease,R24_P2262,inhibitory interneuron,insular cortex
Pick disease,R24_P2262,inhibitory interneuron,Brodmann (1909) area 4
Pick disease,R24_P2262,microglial cell,insular cortex
Pick disease,R24_P2262,microglial cell,Brodmann (1909) area 4
Pick disease,R24_P2262,oligodendrocyte,primary visual cortex
Pick disease,R24_P2262,oligodendrocyte,insular cortex
Pick disease,R24_P2262,oligodendrocyte,Brodmann (1909) area 4
Pick disease,R24_P2262,oligodendrocyte precursor cell,primary visual cortex
Pick disease,R24_P2262,oligodendrocyte precursor cell,insular cortex
Pick disease,R24_P2262,oligodendrocyte precursor cell,Brodmann (1909) area 4
Pick disease,R24_P2262,pericyte,insular cortex
Alzheimer disease,R24_P2287,astrocyte,insular cortex
Alzheimer disease,R24_P2287,astrocyte,Brodmann (1909) area 4
Alzheimer disease,R24_P2287,endothelial cell of vascular tree,Brodmann (1909) area 4
Alzheimer disease,R24_P2287,glutamatergic neuron,insular cortex
Alzheimer disease,R24_P2287,glutamatergic neuron,Brodmann (1909) area 4
Alzheimer disease,R24_P2287,inhibitory interneuron,insular cortex
Alzheimer disease,R24_P2287,inhibitory interneuron,Brodmann (1909) area 4
Alzheimer disease,R24_P2287,microglial cell,insular cortex
Alzheimer disease,R24_P2287,microglial cell,Brodmann (1909) area 4
Alzheimer disease,R24_P2287,oligodendrocyte,insular cortex
Alzheimer disease,R24_P2287,oligodendrocyte,Brodmann (1909) area 4
Alzheimer disease,R24_P2287,oligodendrocyte precursor cell,insular cortex
Alzheimer disease,R24_P2287,oligodendrocyte precursor cell,Brodmann (1909) area 4
Alzheimer disease,R24_P2287,pericyte,insular cortex
Alzheimer disease,R24_P2287,pericyte,Brodmann (1909) area 4
normal,R24_P2321,astrocyte,Brodmann (1909) area 4
normal,R24_P2321,endothelial cell of vascular tree,Brodmann (1909) area 4
normal,R24_P2321,glutamatergic neuron,Brodmann (1909) area 4
normal,R24_P2321,inhibitory interneuron,Brodmann (1909) area 4
normal,R24_P2321,microglial cell,Brodmann (1909) area 4
normal,R24_P2321,oligodendrocyte,Brodmann (1909) area 4
normal,R24_P2321,oligodendrocyte precursor cell,Brodmann (1909) area 4
normal,R24_P2321,pericyte,Brodmann (1909) area 4
Pick disease,R24_P2323,astrocyte,primary visual cortex
Pick disease,R24_P2323,astrocyte,insular cortex
Pick disease,R24_P2323,astrocyte,Brodmann (1909) area 4
Pick disease,R24_P2323,endothelial cell of vascular tree,primary visual cortex
Pick disease,R24_P2323,endothelial cell of vascular tree,insular cortex
Pick disease,R24_P2323,glutamatergic neuron,primary visual cortex
Pick disease,R24_P2323,glutamatergic neuron,insular cortex
Pick disease,R24_P2323,glutamatergic neuron,Brodmann (1909) area 4
Pick disease,R24_P2323,inhibitory interneuron,primary visual cortex
Pick disease,R24_P2323,inhibitory interneuron,insular cortex
Pick disease,R24_P2323,inhibitory interneuron,Brodmann (1909) area 4
Pick disease,R24_P2323,microglial cell,primary visual cortex
Pick disease,R24_P2323,microglial cell,insular cortex
Pick disease,R24_P2323,oligodendrocyte,primary visual cortex
Pick disease,R24_P2323,oligodendrocyte,insular cortex
Pick disease,R24_P2323,oligodendrocyte,Brodmann (1909) area 4
Pick disease,R24_P2323,oligodendrocyte precursor cell,primary visual cortex
Pick disease,R24_P2323,oligodendrocyte precursor cell,insular cortex
Pick disease,R24_P2323,oligodendrocyte precursor cell,Brodmann (1909) area 4
Pick disease,R24_P2323,pericyte,insular cortex
Pick disease,R24_P2323,pericyte,Brodmann (1909) area 4
progressive supranuclear palsy,R24_P2324,astrocyte,primary visual cortex
progressive supranuclear palsy,R24_P2324,astrocyte,insular cortex
progressive supranuclear palsy,R24_P2324,astrocyte,Brodmann (1909) area 4
progressive supranuclear palsy,R24_P2324,endothelial cell of vascular tree,primary visual cortex
progressive supranuclear palsy,R24_P2324,endothelial cell of vascular tree,insular cortex
progressive supranuclear palsy,R24_P2324,endothelial cell of vascular tree,Brodmann (1909) area 4
progressive supranuclear palsy,R24_P2324,glutamatergic neuron,primary visual cortex
progressive supranuclear palsy,R24_P2324,glutamatergic neuron,insular cortex
progressive supranuclear palsy,R24_P2324,glutamatergic neuron,Brodmann (1909) area 4
progressive supranuclear palsy,R24_P2324,inhibitory interneuron,primary visual cortex
progressive supranuclear palsy,R24_P2324,inhibitory interneuron,insular cortex
progressive supranuclear palsy,R24_P2324,inhibitory interneuron,Brodmann (1909) area 4
progressive supranuclear palsy,R24_P2324,microglial cell,insular cortex
progressive supranuclear palsy,R24_P2324,microglial cell,Brodmann (1909) area 4
progressive supranuclear palsy,R24_P2324,oligodendrocyte,primary visual cortex
progressive supranuclear palsy,R24_P2324,oligodendrocyte,insular cortex
progressive supranuclear palsy,R24_P2324,oligodendrocyte,Brodmann (1909) area 4
progressive supranuclear palsy,R24_P2324,oligodendrocyte precursor cell,primary visual cortex
progressive supranuclear palsy,R24_P2324,oligodendrocyte precursor cell,insular cortex
progressive supranuclear palsy,R24_P2324,oligodendrocyte precursor cell,Brodmann (1909) area 4
progressive supranuclear palsy,R24_P2324,pericyte,insular cortex
Alzheimer disease,R24_P2330,astrocyte,primary visual cortex
Alzheimer disease,R24_P2330,astrocyte,insular cortex
Alzheimer disease,R24_P2330,astrocyte,Brodmann (1909) area 4
Alzheimer disease,R24_P2330,endothelial cell of vascular tree,primary visual cortex
Alzheimer disease,R24_P2330,endothelial cell of vascular tree,insular cortex
Alzheimer disease,R24_P2330,endothelial cell of vascular tree,Brodmann (1909) area 4
Alzheimer disease,R24_P2330,glutamatergic neuron,primary visual cortex
Alzheimer disease,R24_P2330,glutamatergic neuron,insular cortex
Alzheimer disease,R24_P2330,glutamatergic neuron,Brodmann (1909) area 4
Alzheimer disease,R24_P2330,inhibitory interneuron,primary visual cortex
Alzheimer disease,R24_P2330,inhibitory interneuron,insular cortex
Alzheimer disease,R24_P2330,inhibitory interneuron,Brodmann (1909) area 4
Alzheimer disease,R24_P2330,microglial cell,primary visual cortex
Alzheimer disease,R24_P2330,microglial cell,insular cortex
Alzheimer disease,R24_P2330,oligodendrocyte,primary visual cortex
Alzheimer disease,R24_P2330,oligodendrocyte,insular cortex
Alzheimer disease,R24_P2330,oligodendrocyte,Brodmann (1909) area 4
Alzheimer disease,R24_P2330,oligodendrocyte precursor cell,primary visual cortex
Alzheimer disease,R24_P2330,oligodendrocyte precursor cell,insular cortex
Alzheimer disease,R24_P2330,oligodendrocyte precursor cell,Brodmann (1909) area 4
Alzheimer disease,R24_P2330,pericyte,insular cortex
Alzheimer disease,R24_P2330,pericyte,Brodmann (1909) area 4
Alzheimer disease,R24_P2330,T cell,insular cortex
Alzheimer disease,R24_P2350,astrocyte,primary visual cortex
Alzheimer disease,R24_P2350,astrocyte,insular cortex
Alzheimer disease,R24_P2350,astrocyte,Brodmann (1909) area 4
Alzheimer disease,R24_P2350,endothelial cell of vascular tree,insular cortex
Alzheimer disease,R24_P2350,endothelial cell of vascular tree,Brodmann (1909) area 4
Alzheimer disease,R24_P2350,glutamatergic neuron,primary visual cortex
Alzheimer disease,R24_P2350,glutamatergic neuron,insular cortex
Alzheimer disease,R24_P2350,glutamatergic neuron,Brodmann (1909) area 4
Alzheimer disease,R24_P2350,inhibitory interneuron,primary visual cortex
Alzheimer disease,R24_P2350,inhibitory interneuron,insular cortex
Alzheimer disease,R24_P2350,inhibitory interneuron,Brodmann (1909) area 4
Alzheimer disease,R24_P2350,microglial cell,insular cortex
Alzheimer disease,R24_P2350,microglial cell,Brodmann (1909) area 4
Alzheimer disease,R24_P2350,oligodendrocyte,insular cortex
Alzheimer disease,R24_P2350,oligodendrocyte,Brodmann (1909) area 4
Alzheimer disease,R24_P2350,oligodendrocyte precursor cell,primary visual cortex
Alzheimer disease,R24_P2350,oligodendrocyte precursor cell,insular cortex
Alzheimer disease,R24_P2350,oligodendrocyte precursor cell,Brodmann (1909) area 4
Alzheimer disease,R24_P2350,pericyte,insular cortex
Alzheimer disease,R24_P2350,T cell,insular cortex
progressive supranuclear palsy,R24_P2392,astrocyte,insular cortex
progressive supranuclear palsy,R24_P2392,glutamatergic neuron,insular cortex
progressive supranuclear palsy,R24_P2392,inhibitory interneuron,insular cortex
progressive supranuclear palsy,R24_P2392,microglial cell,insular cortex
progressive supranuclear palsy,R24_P2392,oligodendrocyte,insular cortex
progressive supranuclear palsy,R24_P2392,oligodendrocyte precursor cell,insular cortex
normal,R24_P2394,astrocyte,primary visual cortex
normal,R24_P2394,astrocyte,insular cortex
normal,R24_P2394,astrocyte,Brodmann (1909) area 4
normal,R24_P2394,endothelial cell of vascular tree,primary visual cortex
normal,R24_P2394,endothelial cell of vascular tree,insular cortex
normal,R24_P2394,endothelial cell of vascular tree,Brodmann (1909) area 4
normal,R24_P2394,glutamatergic neuron,primary visual cortex
normal,R24_P2394,glutamatergic neuron,insular cortex
normal,R24_P2394,glutamatergic neuron,Brodmann (1909) area 4
normal,R24_P2394,inhibitory interneuron,primary visual cortex
normal,R24_P2394,inhibitory interneuron,insular cortex
normal,R24_P2394,inhibitory interneuron,Brodmann (1909) area 4
normal,R24_P2394,microglial cell,primary visual cortex
normal,R24_P2394,microglial cell,insular cortex
normal,R24_P2394,microglial cell,Brodmann (1909) area 4
normal,R24_P2394,oligodendrocyte,primary visual cortex
normal,R24_P2394,oligodendrocyte,insular cortex
normal,R24_P2394,oligodendrocyte,Brodmann (1909) area 4
normal,R24_P2394,oligodendrocyte precursor cell,primary visual cortex
normal,R24_P2394,oligodendrocyte precursor cell,insular cortex
normal,R24_P2394,oligodendrocyte precursor cell,Brodmann (1909) area 4
normal,R24_P2394,pericyte,Brodmann (1909) area 4
progressive supranuclear palsy,R24_P2423,astrocyte,insular cortex
progressive supranuclear palsy,R24_P2423,astrocyte,Brodmann (1909) area 4
progressive supranuclear palsy,R24_P2423,endothelial cell of vascular tree,insular cortex
progressive supranuclear palsy,R24_P2423,endothelial cell of vascular tree,Brodmann (1909) area 4
progressive supranuclear palsy,R24_P2423,glutamatergic neuron,insular cortex
progressive supranuclear palsy,R24_P2423,glutamatergic neuron,Brodmann (1909) area 4
progressive supranuclear palsy,R24_P2423,inhibitory interneuron,insular cortex
progressive supranuclear palsy,R24_P2423,inhibitory interneuron,Brodmann (1909) area 4
progressive supranuclear palsy,R24_P2423,microglial cell,insular cortex
progressive supranuclear palsy,R24_P2423,microglial cell,Brodmann (1909) area 4
progressive supranuclear palsy,R24_P2423,oligodendrocyte,insular cortex
progressive supranuclear palsy,R24_P2423,oligodendrocyte,Brodmann (1909) area 4
progressive supranuclear palsy,R24_P2423,oligodendrocyte precursor cell,insular cortex
progressive supranuclear palsy,R24_P2423,oligodendrocyte precursor cell,Brodmann (1909) area 4
progressive supranuclear palsy,R24_P2423,pericyte,insular cortex
progressive supranuclear palsy,R24_P2462,astrocyte,insular cortex
progressive supranuclear palsy,R24_P2462,astrocyte,Brodmann (1909) area 4
progressive supranuclear palsy,R24_P2462,endothelial cell of vascular tree,insular cortex
progressive supranuclear palsy,R24_P2462,endothelial cell of vascular tree,Brodmann (1909) area 4
progressive supranuclear palsy,R24_P2462,glutamatergic neuron,primary visual cortex
progressive supranuclear palsy,R24_P2462,glutamatergic neuron,insular cortex
progressive supranuclear palsy,R24_P2462,glutamatergic neuron,Brodmann (1909) area 4
progressive supranuclear palsy,R24_P2462,inhibitory interneuron,primary visual cortex
progressive supranuclear palsy,R24_P2462,inhibitory interneuron,insular cortex
progressive supranuclear palsy,R24_P2462,inhibitory interneuron,Brodmann (1909) area 4
progressive supranuclear palsy,R24_P2462,microglial cell,insular cortex
progressive supranuclear palsy,R24_P2462,microglial cell,Brodmann (1909) area 4
progressive supranuclear palsy,R24_P2462,oligodendrocyte,insular cortex
progressive supranuclear palsy,R24_P2462,oligodendrocyte,Brodmann (1909) area 4
progressive supranuclear palsy,R24_P2462,oligodendrocyte precursor cell,primary visual cortex
progressive supranuclear palsy,R24_P2462,oligodendrocyte precursor cell,insular cortex
progressive supranuclear palsy,R24_P2462,oligodendrocyte precursor cell,Brodmann (1909) area 4
progressive supranuclear palsy,R24_P2462,pericyte,insular cortex
progressive supranuclear palsy,R24_P2462,T cell,insular cortex
Pick disease,R24_P2494,astrocyte,primary visual cortex
Pick disease,R24_P2494,astrocyte,insular cortex
Pick disease,R24_P2494,astrocyte,Brodmann (1909) area 4
Pick disease,R24_P2494,endothelial cell of vascular tree,primary visual cortex
Pick disease,R24_P2494,endothelial cell of vascular tree,insular cortex
Pick disease,R24_P2494,endothelial cell of vascular tree,Brodmann (1909) area 4
Pick disease,R24_P2494,glutamatergic neuron,primary visual cortex
Pick disease,R24_P2494,glutamatergic neuron,insular cortex
Pick disease,R24_P2494,glutamatergic neuron,Brodmann (1909) area 4
Pick disease,R24_P2494,inhibitory interneuron,primary visual cortex
Pick disease,R24_P2494,inhibitory interneuron,insular cortex
Pick disease,R24_P2494,inhibitory interneuron,Brodmann (1909) area 4
Pick disease,R24_P2494,microglial cell,primary visual cortex
Pick disease,R24_P2494,microglial cell,insular cortex
Pick disease,R24_P2494,microglial cell,Brodmann (1909) area 4
Pick disease,R24_P2494,oligodendrocyte,primary visual cortex
Pick disease,R24_P2494,oligodendrocyte,insular cortex
Pick disease,R24_P2494,oligodendrocyte,Brodmann (1909) area 4
Pick disease,R24_P2494,oligodendrocyte precursor cell,primary visual cortex
Pick disease,R24_P2494,oligodendrocyte precursor cell,insular cortex
Pick disease,R24_P2494,oligodendrocyte precursor cell,Brodmann (1909) area 4
Pick disease,R24_P2494,pericyte,Brodmann (1909) area 4
Alzheimer disease,R24_P2508,astrocyte,primary visual cortex
Alzheimer disease,R24_P2508,astrocyte,insular cortex
Alzheimer disease,R24_P2508,astrocyte,Brodmann (1909) area 4
Alzheimer disease,R24_P2508,endothelial cell of vascular tree,primary visual cortex
Alzheimer disease,R24_P2508,endothelial cell of vascular tree,Brodmann (1909) area 4
Alzheimer disease,R24_P2508,glutamatergic neuron,primary visual cortex
Alzheimer disease,R24_P2508,glutamatergic neuron,insular cortex
Alzheimer disease,R24_P2508,glutamatergic neuron,Brodmann (1909) area 4
Alzheimer disease,R24_P2508,inhibitory interneuron,primary visual cortex
Alzheimer disease,R24_P2508,inhibitory interneuron,insular cortex
Alzheimer disease,R24_P2508,inhibitory interneuron,Brodmann (1909) area 4
Alzheimer disease,R24_P2508,microglial cell,insular cortex
Alzheimer disease,R24_P2508,microglial cell,Brodmann (1909) area 4
Alzheimer disease,R24_P2508,oligodendrocyte,primary visual cortex
Alzheimer disease,R24_P2508,oligodendrocyte,insular cortex
Alzheimer disease,R24_P2508,oligodendrocyte,Brodmann (1909) area 4
Alzheimer disease,R24_P2508,oligodendrocyte precursor cell,primary visual cortex
Alzheimer disease,R24_P2508,oligodendrocyte precursor cell,insular cortex
Alzheimer disease,R24_P2508,oligodendrocyte precursor cell,Brodmann (1909) area 4
Alzheimer disease,R24_P2508,pericyte,Brodmann (1909) area 4
Pick disease,R24_P2533,astrocyte,primary visual cortex
Pick disease,R24_P2533,astrocyte,insular cortex
Pick disease,R24_P2533,astrocyte,Brodmann (1909) area 4
Pick disease,R24_P2533,endothelial cell of vascular tree,insular cortex
Pick disease,R24_P2533,endothelial cell of vascular tree,Brodmann (1909) area 4
Pick disease,R24_P2533,glutamatergic neuron,primary visual cortex
Pick disease,R24_P2533,glutamatergic neuron,insular cortex
Pick disease,R24_P2533,glutamatergic neuron,Brodmann (1909) area 4
Pick disease,R24_P2533,inhibitory interneuron,primary visual cortex
Pick disease,R24_P2533,inhibitory interneuron,insular cortex
Pick disease,R24_P2533,inhibitory interneuron,Brodmann (1909) area 4
Pick disease,R24_P2533,microglial cell,insular cortex
Pick disease,R24_P2533,microglial cell,Brodmann (1909) area 4
Pick disease,R24_P2533,oligodendrocyte,primary visual cortex
Pick disease,R24_P2533,oligodendrocyte,insular cortex
Pick disease,R24_P2533,oligodendrocyte,Brodmann (1909) area 4
Pick disease,R24_P2533,oligodendrocyte precursor cell,primary visual cortex
Pick disease,R24_P2533,oligodendrocyte precursor cell,insular cortex
Pick disease,R24_P2533,oligodendrocyte precursor cell,Brodmann (1909) area 4
Pick disease,R24_P2533,pericyte,insular cortex
Pick disease,R24_P2533,pericyte,Brodmann (1909) area 4
Pick disease,R24_P2533,T cell,insular cortex
Alzheimer disease,R24_P2538,astrocyte,insular cortex
Alzheimer disease,R24_P2538,astrocyte,Brodmann (1909) area 4
Alzheimer disease,R24_P2538,endothelial cell of vascular tree,insular cortex
Alzheimer disease,R24_P2538,endothelial cell of vascular tree,Brodmann (1909) area 4
Alzheimer disease,R24_P2538,glutamatergic neuron,insular cortex
Alzheimer disease,R24_P2538,glutamatergic neuron,Brodmann (1909) area 4
Alzheimer disease,R24_P2538,inhibitory interneuron,insular cortex
Alzheimer disease,R24_P2538,inhibitory interneuron,Brodmann (1909) area 4
Alzheimer disease,R24_P2538,microglial cell,insular cortex
Alzheimer disease,R24_P2538,microglial cell,Brodmann (1909) area 4
Alzheimer disease,R24_P2538,oligodendrocyte,insular cortex
Alzheimer disease,R24_P2538,oligodendrocyte,Brodmann (1909) area 4
Alzheimer disease,R24_P2538,oligodendrocyte precursor cell,insular cortex
Alzheimer disease,R24_P2538,oligodendrocyte precursor cell,Brodmann (1909) area 4
Alzheimer disease,R24_P2538,pericyte,Brodmann (1909) area 4
progressive supranuclear palsy,R24_P2574,astrocyte,Brodmann (1909) area 4
progressive supranuclear palsy,R24_P2574,endothelial cell of vascular tree,Brodmann (1909) area 4
progressive supranuclear palsy,R24_P2574,glutamatergic neuron,Brodmann (1909) area 4
progressive supranuclear palsy,R24_P2574,inhibitory interneuron,Brodmann (1909) area 4
progressive supranuclear palsy,R24_P2574,microglial cell,Brodmann (1909) area 4
progressive supranuclear palsy,R24_P2574,oligodendrocyte,Brodmann (1909) area 4
progressive supranuclear palsy,R24_P2574,oligodendrocyte precursor cell,Brodmann (1909) area 4
progressive supranuclear palsy,R24_P2574,pericyte,Brodmann (1909) area 4
Alzheimer disease,R24_P2576,astrocyte,primary visual cortex
Alzheimer disease,R24_P2576,astrocyte,insular cortex
Alzheimer disease,R24_P2576,astrocyte,Brodmann (1909) area 4
Alzheimer disease,R24_P2576,endothelial cell of vascular tree,primary visual cortex
Alzheimer disease,R24_P2576,endothelial cell of vascular tree,insular cortex
Alzheimer disease,R24_P2576,endothelial cell of vascular tree,Brodmann (1909) area 4
Alzheimer disease,R24_P2576,glutamatergic neuron,primary visual cortex
Alzheimer disease,R24_P2576,glutamatergic neuron,insular cortex
Alzheimer disease,R24_P2576,glutamatergic neuron,Brodmann (1909) area 4
Alzheimer disease,R24_P2576,inhibitory interneuron,primary visual cortex
Alzheimer disease,R24_P2576,inhibitory interneuron,insular cortex
Alzheimer disease,R24_P2576,inhibitory interneuron,Brodmann (1909) area 4
Alzheimer disease,R24_P2576,microglial cell,primary visual cortex
Alzheimer disease,R24_P2576,microglial cell,insular cortex
Alzheimer disease,R24_P2576,microglial cell,Brodmann (1909) area 4
Alzheimer disease,R24_P2576,oligodendrocyte,primary visual cortex
Alzheimer disease,R24_P2576,oligodendrocyte,insular cortex
Alzheimer disease,R24_P2576,oligodendrocyte,Brodmann (1909) area 4
Alzheimer disease,R24_P2576,oligodendrocyte precursor cell,primary visual cortex
Alzheimer disease,R24_P2576,oligodendrocyte precursor cell,insular cortex
Alzheimer disease,R24_P2576,oligodendrocyte precursor cell,Brodmann (1909) area 4
Alzheimer disease,R24_P2576,pericyte,insular cortex
Alzheimer disease,R24_P2576,pericyte,Brodmann (1909) area 4
Alzheimer disease,R24_P2576,T cell,insular cortex
Alzheimer disease,R24_P2593,astrocyte,primary visual cortex
Alzheimer disease,R24_P2593,astrocyte,insular cortex
Alzheimer disease,R24_P2593,astrocyte,Brodmann (1909) area 4
Alzheimer disease,R24_P2593,endothelial cell of vascular tree,primary visual cortex
Alzheimer disease,R24_P2593,endothelial cell of vascular tree,insular cortex
Alzheimer disease,R24_P2593,endothelial cell of vascular tree,Brodmann (1909) area 4
Alzheimer disease,R24_P2593,glutamatergic neuron,primary visual cortex
Alzheimer disease,R24_P2593,glutamatergic neuron,insular cortex
Alzheimer disease,R24_P2593,glutamatergic neuron,Brodmann (1909) area 4
Alzheimer disease,R24_P2593,inhibitory interneuron,primary visual cortex
Alzheimer disease,R24_P2593,inhibitory interneuron,insular cortex
Alzheimer disease,R24_P2593,inhibitory interneuron,Brodmann (1909) area 4
Alzheimer disease,R24_P2593,microglial cell,primary visual cortex
Alzheimer disease,R24_P2593,microglial cell,insular cortex
Alzheimer disease,R24_P2593,microglial cell,Brodmann (1909) area 4
Alzheimer disease,R24_P2593,oligodendrocyte,primary visual cortex
Alzheimer disease,R24_P2593,oligodendrocyte,insular cortex
Alzheimer disease,R24_P2593,oligodendrocyte,Brodmann (1909) area 4
Alzheimer disease,R24_P2593,oligodendrocyte precursor cell,primary visual cortex
Alzheimer disease,R24_P2593,oligodendrocyte precursor cell,insular cortex
Alzheimer disease,R24_P2593,oligodendrocyte precursor cell,Brodmann (1909) area 4
Alzheimer disease,R24_P2593,pericyte,insular cortex
progressive supranuclear palsy,R24_P2603,astrocyte,primary visual cortex
progressive supranuclear palsy,R24_P2603,astrocyte,insular cortex
progressive supranuclear palsy,R24_P2603,astrocyte,Brodmann (1909) area 4
progressive supranuclear palsy,R24_P2603,endothelial cell of vascular tree,insular cortex
progressive supranuclear palsy,R24_P2603,endothelial cell of vascular tree,Brodmann (1909) area 4
progressive supranuclear palsy,R24_P2603,glutamatergic neuron,primary visual cortex
progressive supranuclear palsy,R24_P2603,glutamatergic neuron,insular cortex
progressive supranuclear palsy,R24_P2603,glutamatergic neuron,Brodmann (1909) area 4
progressive supranuclear palsy,R24_P2603,inhibitory interneuron,primary visual cortex
progressive supranuclear palsy,R24_P2603,inhibitory interneuron,insular cortex
progressive supranuclear palsy,R24_P2603,inhibitory interneuron,Brodmann (1909) area 4
progressive supranuclear palsy,R24_P2603,microglial cell,insular cortex
progressive supranuclear palsy,R24_P2603,microglial cell,Brodmann (1909) area 4
progressive supranuclear palsy,R24_P2603,oligodendrocyte,primary visual cortex
progressive supranuclear palsy,R24_P2603,oligodendrocyte,insular cortex
progressive supranuclear palsy,R24_P2603,oligodendrocyte,Brodmann (1909) area 4
progressive supranuclear palsy,R24_P2603,oligodendrocyte precursor cell,primary visual cortex
progressive supranuclear palsy,R24_P2603,oligodendrocyte precursor cell,insular cortex
progressive supranuclear palsy,R24_P2603,oligodendrocyte precursor cell,Brodmann (1909) area 4
progressive supranuclear palsy,R24_P2603,pericyte,insular cortex
progressive supranuclear palsy,R24_P2603,pericyte,Brodmann (1909) area 4
Pick disease,R24_P2634,astrocyte,insular cortex
Pick disease,R24_P2634,astrocyte,Brodmann (1909) area 4
Pick disease,R24_P2634,endothelial cell of vascular tree,insular cortex
Pick disease,R24_P2634,endothelial cell of vascular tree,Brodmann (1909) area 4
Pick disease,R24_P2634,glutamatergic neuron,insular cortex
Pick disease,R24_P2634,glutamatergic neuron,Brodmann (1909) area 4
Pick disease,R24_P2634,inhibitory interneuron,insular cortex
Pick disease,R24_P2634,inhibitory interneuron,Brodmann (1909) area 4
Pick disease,R24_P2634,microglial cell,insular cortex
Pick disease,R24_P2634,microglial cell,Brodmann (1909) area 4
Pick disease,R24_P2634,oligodendrocyte,insular cortex
Pick disease,R24_P2634,oligodendrocyte,Brodmann (1909) area 4
Pick disease,R24_P2634,oligodendrocyte precursor cell,insular cortex
Pick disease,R24_P2634,oligodendrocyte precursor cell,Brodmann (1909) area 4
Pick disease,R24_P2634,pericyte,insular cortex
Pick disease,R24_P2654,astrocyte,insular cortex
Pick disease,R24_P2654,astrocyte,Brodmann (1909) area 4
Pick disease,R24_P2654,endothelial cell of vascular tree,insular cortex
Pick disease,R24_P2654,endothelial cell of vascular tree,Brodmann (1909) area 4
Pick disease,R24_P2654,glutamatergic neuron,insular cortex
Pick disease,R24_P2654,glutamatergic neuron,Brodmann (1909) area 4
Pick disease,R24_P2654,inhibitory interneuron,insular cortex
Pick disease,R24_P2654,inhibitory interneuron,Brodmann (1909) area 4
Pick disease,R24_P2654,microglial cell,insular cortex
Pick disease,R24_P2654,microglial cell,Brodmann (1909) area 4
Pick disease,R24_P2654,oligodendrocyte,insular cortex
Pick disease,R24_P2654,oligodendrocyte,Brodmann (1909) area 4
Pick disease,R24_P2654,oligodendrocyte precursor cell,insular cortex
Pick disease,R24_P2654,oligodendrocyte precursor cell,Brodmann (1909) area 4
Pick disease,R24_P2654,pericyte,insular cortex
Pick disease,R24_P2654,pericyte,Brodmann (1909) area 4
Pick disease,R24_P2654,T cell,insular cortex
Alzheimer disease,R24_P2726,astrocyte,primary visual cortex
Alzheimer disease,R24_P2726,astrocyte,insular cortex
Alzheimer disease,R24_P2726,astrocyte,Brodmann (1909) area 4
Alzheimer disease,R24_P2726,endothelial cell of vascular tree,primary visual cortex
Alzheimer disease,R24_P2726,endothelial cell of vascular tree,insular cortex
Alzheimer disease,R24_P2726,endothelial cell of vascular tree,Brodmann (1909) area 4
Alzheimer disease,R24_P2726,glutamatergic neuron,primary visual cortex
Alzheimer disease,R24_P2726,glutamatergic neuron,insular cortex
Alzheimer disease,R24_P2726,glutamatergic neuron,Brodmann (1909) area 4
Alzheimer disease,R24_P2726,inhibitory interneuron,insular cortex
Alzheimer disease,R24_P2726,inhibitory interneuron,Brodmann (1909) area 4
Alzheimer disease,R24_P2726,microglial cell,primary visual cortex
Alzheimer disease,R24_P2726,microglial cell,insular cortex
Alzheimer disease,R24_P2726,microglial cell,Brodmann (1909) area 4
Alzheimer disease,R24_P2726,oligodendrocyte,primary visual cortex
Alzheimer disease,R24_P2726,oligodendrocyte,insular cortex
Alzheimer disease,R24_P2726,oligodendrocyte,Brodmann (1909) area 4
Alzheimer disease,R24_P2726,oligodendrocyte precursor cell,primary visual cortex
Alzheimer disease,R24_P2726,oligodendrocyte precursor cell,insular cortex
Alzheimer disease,R24_P2726,oligodendrocyte precursor cell,Brodmann (1909) area 4
Alzheimer disease,R24_P2726,pericyte,insular cortex
Alzheimer disease,R24_P2727,astrocyte,primary visual cortex
Alzheimer disease,R24_P2727,astrocyte,insular cortex
Alzheimer disease,R24_P2727,astrocyte,Brodmann (1909) area 4
Alzheimer disease,R24_P2727,endothelial cell of vascular tree,insular cortex
Alzheimer disease,R24_P2727,endothelial cell of vascular tree,Brodmann (1909) area 4
Alzheimer disease,R24_P2727,glutamatergic neuron,primary visual cortex
Alzheimer disease,R24_P2727,glutamatergic neuron,insular cortex
Alzheimer disease,R24_P2727,glutamatergic neuron,Brodmann (1909) area 4
Alzheimer disease,R24_P2727,inhibitory interneuron,primary visual cortex
Alzheimer disease,R24_P2727,inhibitory interneuron,insular cortex
Alzheimer disease,R24_P2727,inhibitory interneuron,Brodmann (1909) area 4
Alzheimer disease,R24_P2727,microglial cell,primary visual cortex
Alzheimer disease,R24_P2727,microglial cell,insular cortex
Alzheimer disease,R24_P2727,microglial cell,Brodmann (1909) area 4
Alzheimer disease,R24_P2727,oligodendrocyte,primary visual cortex
Alzheimer disease,R24_P2727,oligodendrocyte,insular cortex
Alzheimer disease,R24_P2727,oligodendrocyte,Brodmann (1909) area 4
Alzheimer disease,R24_P2727,oligodendrocyte precursor cell,primary visual cortex
Alzheimer disease,R24_P2727,oligodendrocyte precursor cell,insular cortex
Alzheimer disease,R24_P2727,oligodendrocyte precursor cell,Brodmann (1909) area 4
Alzheimer disease,R24_P2727,pericyte,insular cortex
Alzheimer disease,R24_P2727,T cell,insular cortex
Alzheimer disease,R24_P2728,astrocyte,insular cortex
Alzheimer disease,R24_P2728,astrocyte,Brodmann (1909) area 4
Alzheimer disease,R24_P2728,endothelial cell of vascular tree,insular cortex
Alzheimer disease,R24_P2728,endothelial cell of vascular tree,Brodmann (1909) area 4
Alzheimer disease,R24_P2728,glutamatergic neuron,insular cortex
Alzheimer disease,R24_P2728,glutamatergic neuron,Brodmann (1909) area 4
Alzheimer disease,R24_P2728,inhibitory interneuron,insular cortex
Alzheimer disease,R24_P2728,inhibitory interneuron,Brodmann (1909) area 4
Alzheimer disease,R24_P2728,microglial cell,insular cortex
Alzheimer disease,R24_P2728,microglial cell,Brodmann (1909) area 4
Alzheimer disease,R24_P2728,oligodendrocyte,insular cortex
Alzheimer disease,R24_P2728,oligodendrocyte,Brodmann (1909) area 4
Alzheimer disease,R24_P2728,oligodendrocyte precursor cell,insular cortex
Alzheimer disease,R24_P2728,oligodendrocyte precursor cell,Brodmann (1909) area 4
Alzheimer disease,R24_P2728,pericyte,insular cortex
Pick disease,R24_P2730,astrocyte,insular cortex
Pick disease,R24_P2730,endothelial cell of vascular tree,insular cortex
Pick disease,R24_P2730,glutamatergic neuron,insular cortex
Pick disease,R24_P2730,oligodendrocyte precursor cell,insular cortex
Pick disease,R24_P2731,astrocyte,primary visual cortex
Pick disease,R24_P2731,astrocyte,insular cortex
Pick disease,R24_P2731,astrocyte,Brodmann (1909) area 4
Pick disease,R24_P2731,endothelial cell of vascular tree,primary visual cortex
Pick disease,R24_P2731,endothelial cell of vascular tree,insular cortex
Pick disease,R24_P2731,endothelial cell of vascular tree,Brodmann (1909) area 4
Pick disease,R24_P2731,glutamatergic neuron,primary visual cortex
Pick disease,R24_P2731,glutamatergic neuron,insular cortex
Pick disease,R24_P2731,glutamatergic neuron,Brodmann (1909) area 4
Pick disease,R24_P2731,inhibitory interneuron,primary visual cortex
Pick disease,R24_P2731,inhibitory interneuron,insular cortex
Pick disease,R24_P2731,inhibitory interneuron,Brodmann (1909) area 4
Pick disease,R24_P2731,microglial cell,primary visual cortex
Pick disease,R24_P2731,microglial cell,insular cortex
Pick disease,R24_P2731,microglial cell,Brodmann (1909) area 4
Pick disease,R24_P2731,oligodendrocyte,primary visual cortex
Pick disease,R24_P2731,oligodendrocyte,insular cortex
Pick disease,R24_P2731,oligodendrocyte,Brodmann (1909) area 4
Pick disease,R24_P2731,oligodendrocyte precursor cell,primary visual cortex
Pick disease,R24_P2731,oligodendrocyte precursor cell,insular cortex
Pick disease,R24_P2731,oligodendrocyte precursor cell,Brodmann (1909) area 4
Pick disease,R24_P2731,pericyte,insular cortex
Pick disease,R24_P2731,pericyte,Brodmann (1909) area 4
Pick disease,R24_P2731,T cell,insular cortex
Pick disease,R24_P2732,astrocyte,primary visual cortex
Pick disease,R24_P2732,astrocyte,insular cortex
Pick disease,R24_P2732,astrocyte,Brodmann (1909) area 4
Pick disease,R24_P2732,endothelial cell of vascular tree,primary visual cortex
Pick disease,R24_P2732,endothelial cell of vascular tree,insular cortex
Pick disease,R24_P2732,endothelial cell of vascular tree,Brodmann (1909) area 4
Pick disease,R24_P2732,glutamatergic neuron,primary visual cortex
Pick disease,R24_P2732,glutamatergic neuron,insular cortex
Pick disease,R24_P2732,glutamatergic neuron,Brodmann (1909) area 4
Pick disease,R24_P2732,inhibitory interneuron,primary visual cortex
Pick disease,R24_P2732,inhibitory interneuron,insular cortex
Pick disease,R24_P2732,inhibitory interneuron,Brodmann (1909) area 4
Pick disease,R24_P2732,microglial cell,primary visual cortex
Pick disease,R24_P2732,microglial cell,insular cortex
Pick disease,R24_P2732,microglial cell,Brodmann (1909) area 4
Pick disease,R24_P2732,oligodendrocyte,primary visual cortex
Pick disease,R24_P2732,oligodendrocyte,insular cortex
Pick disease,R24_P2732,oligodendrocyte,Brodmann (1909) area 4
Pick disease,R24_P2732,oligodendrocyte precursor cell,primary visual cortex
Pick disease,R24_P2732,oligodendrocyte precursor cell,insular cortex
Pick disease,R24_P2732,oligodendrocyte precursor cell,Brodmann (1909) area 4
normal,R24_P2733,astrocyte,primary visual cortex
normal,R24_P2733,astrocyte,insular cortex
normal,R24_P2733,astrocyte,Brodmann (1909) area 4
normal,R24_P2733,glutamatergic neuron,primary visual cortex
normal,R24_P2733,glutamatergic neuron,insular cortex
normal,R24_P2733,glutamatergic neuron,Brodmann (1909) area 4
normal,R24_P2733,inhibitory interneuron,primary visual cortex
normal,R24_P2733,inhibitory interneuron,insular cortex
normal,R24_P2733,inhibitory interneuron,Brodmann (1909) area 4
normal,R24_P2733,microglial cell,insular cortex
normal,R24_P2733,oligodendrocyte,primary visual cortex
normal,R24_P2733,oligodendrocyte,insular cortex
normal,R24_P2733,oligodendrocyte,Brodmann (1909) area 4
normal,R24_P2733,oligodendrocyte precursor cell,primary visual cortex
normal,R24_P2733,oligodendrocyte precursor cell,insular cortex
normal,R24_P2733,oligodendrocyte precursor cell,Brodmann (1909) area 4
normal,R24_P2734,astrocyte,primary visual cortex
normal,R24_P2734,astrocyte,insular cortex
normal,R24_P2734,astrocyte,Brodmann (1909) area 4
normal,R24_P2734,endothelial cell of vascular tree,primary visual cortex
normal,R24_P2734,endothelial cell of vascular tree,insular cortex
normal,R24_P2734,endothelial cell of vascular tree,Brodmann (1909) area 4
normal,R24_P2734,glutamatergic neuron,primary visual cortex
normal,R24_P2734,glutamatergic neuron,insular cortex
normal,R24_P2734,glutamatergic neuron,Brodmann (1909) area 4
normal,R24_P2734,inhibitory interneuron,primary visual cortex
normal,R24_P2734,inhibitory interneuron,insular cortex
normal,R24_P2734,inhibitory interneuron,Brodmann (1909) area 4
normal,R24_P2734,microglial cell,insular cortex
normal,R24_P2734,microglial cell,Brodmann (1909) area 4
normal,R24_P2734,oligodendrocyte,primary visual cortex
normal,R24_P2734,oligodendrocyte,insular cortex
normal,R24_P2734,oligodendrocyte,Brodmann (1909) area 4
normal,R24_P2734,oligodendrocyte precursor cell,primary visual cortex
normal,R24_P2734,oligodendrocyte precursor cell,insular cortex
normal,R24_P2734,oligodendrocyte precursor cell,Brodmann (1909) area 4
normal,R24_P2735,astrocyte,primary visual cortex
normal,R24_P2735,astrocyte,insular cortex
normal,R24_P2735,astrocyte,Brodmann (1909) area 4
normal,R24_P2735,endothelial cell of vascular tree,primary visual cortex
normal,R24_P2735,endothelial cell of vascular tree,insular cortex
normal,R24_P2735,endothelial cell of vascular tree,Brodmann (1909) area 4
normal,R24_P2735,glutamatergic neuron,primary visual cortex
normal,R24_P2735,glutamatergic neuron,insular cortex
normal,R24_P2735,glutamatergic neuron,Brodmann (1909) area 4
normal,R24_P2735,inhibitory interneuron,primary visual cortex
normal,R24_P2735,inhibitory interneuron,insular cortex
normal,R24_P2735,inhibitory interneuron,Brodmann (1909) area 4
normal,R24_P2735,microglial cell,primary visual cortex
normal,R24_P2735,microglial cell,insular cortex
normal,R24_P2735,oligodendrocyte,primary visual cortex
normal,R24_P2735,oligodendrocyte,insular cortex
normal,R24_P2735,oligodendrocyte,Brodmann (1909) area 4
normal,R24_P2735,oligodendrocyte precursor cell,primary visual cortex
normal,R24_P2735,oligodendrocyte precursor cell,insular cortex
normal,R24_P2735,oligodendrocyte precursor cell,Brodmann (1909) area 4
normal,R24_P2735,pericyte,insular cortex
normal,R24_P2735,T cell,insular cortex
normal,R24_P2736,astrocyte,primary visual cortex
normal,R24_P2736,astrocyte,insular cortex
normal,R24_P2736,astrocyte,Brodmann (1909) area 4
normal,R24_P2736,endothelial cell of vascular tree,primary visual cortex
normal,R24_P2736,endothelial cell of vascular tree,insular cortex
normal,R24_P2736,endothelial cell of vascular tree,Brodmann (1909) area 4
normal,R24_P2736,glutamatergic neuron,primary visual cortex
normal,R24_P2736,glutamatergic neuron,insular cortex
normal,R24_P2736,glutamatergic neuron,Brodmann (1909) area 4
normal,R24_P2736,inhibitory interneuron,primary visual cortex
normal,R24_P2736,inhibitory interneuron,insular cortex
normal,R24_P2736,inhibitory interneuron,Brodmann (1909) area 4
normal,R24_P2736,microglial cell,insular cortex
normal,R24_P2736,microglial cell,Brodmann (1909) area 4
normal,R24_P2736,oligodendrocyte,primary visual cortex
normal,R24_P2736,oligodendrocyte,insular cortex
normal,R24_P2736,oligodendrocyte,Brodmann (1909) area 4
normal,R24_P2736,oligodendrocyte precursor cell,primary visual cortex
normal,R24_P2736,oligodendrocyte precursor cell,insular cortex
normal,R24_P2736,oligodendrocyte precursor cell,Brodmann (1909) area 4
normal,R24_P2736,pericyte,Brodmann (1909) area 4
normal,R24_P2737,astrocyte,primary visual cortex
normal,R24_P2737,astrocyte,insular cortex
normal,R24_P2737,astrocyte,Brodmann (1909) area 4
normal,R24_P2737,endothelial cell of vascular tree,primary visual cortex
normal,R24_P2737,endothelial cell of vascular tree,insular cortex
normal,R24_P2737,endothelial cell of vascular tree,Brodmann (1909) area 4
normal,R24_P2737,glutamatergic neuron,primary visual cortex
normal,R24_P2737,glutamatergic neuron,insular cortex
normal,R24_P2737,glutamatergic neuron,Brodmann (1909) area 4
normal,R24_P2737,inhibitory interneuron,primary visual cortex
normal,R24_P2737,inhibitory interneuron,insular cortex
normal,R24_P2737,inhibitory interneuron,Brodmann (1909) area 4
normal,R24_P2737,microglial cell,primary visual cortex
normal,R24_P2737,microglial cell,insular cortex
normal,R24_P2737,microglial cell,Brodmann (1909) area 4
normal,R24_P2737,oligodendrocyte,insular cortex
normal,R24_P2737,oligodendrocyte,Brodmann (1909) area 4
normal,R24_P2737,oligodendrocyte precursor cell,insular cortex
normal,R24_P2737,oligodendrocyte precursor cell,Brodmann (1909) area 4
normal,R24_P2737,pericyte,insular cortex
normal,R24_P2738,astrocyte,primary visual cortex
normal,R24_P2738,astrocyte,insular cortex
normal,R24_P2738,astrocyte,Brodmann (1909) area 4
normal,R24_P2738,endothelial cell of vascular tree,primary visual cortex
normal,R24_P2738,endothelial cell of vascular tree,Brodmann (1909) area 4
normal,R24_P2738,glutamatergic neuron,primary visual cortex
normal,R24_P2738,glutamatergic neuron,insular cortex
normal,R24_P2738,glutamatergic neuron,Brodmann (1909) area 4
normal,R24_P2738,inhibitory interneuron,primary visual cortex
normal,R24_P2738,inhibitory interneuron,insular cortex
normal,R24_P2738,inhibitory interneuron,Brodmann (1909) area 4
normal,R24_P2738,microglial cell,insular cortex
normal,R24_P2738,microglial cell,Brodmann (1909) area 4
normal,R24_P2738,oligodendrocyte,insular cortex
normal,R24_P2738,oligodendrocyte,Brodmann (1909) area 4
normal,R24_P2738,oligodendrocyte precursor cell,primary visual cortex
normal,R24_P2738,oligodendrocyte precursor cell,insular cortex
normal,R24_P2738,oligodendrocyte precursor cell,Brodmann (1909) area 4
normal,R24_P2738,pericyte,insular cortex
normal,R24_P2738,pericyte,Brodmann (1909) area 4
normal,R24_P2738,T cell,insular cortex
normal,R24_P2739,astrocyte,Brodmann (1909) area 4
normal,R24_P2739,endothelial cell of vascular tree,Brodmann (1909) area 4
normal,R24_P2739,glutamatergic neuron,Brodmann (1909) area 4
normal,R24_P2739,inhibitory interneuron,Brodmann (1909) area 4
normal,R24_P2739,oligodendrocyte,Brodmann (1909) area 4
normal,R24_P2739,oligodendrocyte precursor cell,Brodmann (1909) area 4
normal,R24_P2739,pericyte,Brodmann (1909) area 4
normal,R24_P2740,astrocyte,insular cortex
normal,R24_P2740,astrocyte,Brodmann (1909) area 4
normal,R24_P2740,endothelial cell of vascular tree,insular cortex
normal,R24_P2740,endothelial cell of vascular tree,Brodmann (1909) area 4
normal,R24_P2740,glutamatergic neuron,insular cortex
normal,R24_P2740,glutamatergic neuron,Brodmann (1909) area 4
normal,R24_P2740,inhibitory interneuron,insular cortex
normal,R24_P2740,inhibitory interneuron,Brodmann (1909) area 4
normal,R24_P2740,microglial cell,insular cortex
normal,R24_P2740,microglial cell,Brodmann (1909) area 4
normal,R24_P2740,oligodendrocyte,insular cortex
normal,R24_P2740,oligodendrocyte,Brodmann (1909) area 4
normal,R24_P2740,oligodendrocyte precursor cell,insular cortex
normal,R24_P2740,oligodendrocyte precursor cell,Brodmann (1909) area 4
normal,R24_P2740,pericyte,insular cortex
normal,R24_P2740,pericyte,Brodmann (1909) area 4
normal,R24_P2740,T cell,insular cortex
progressive supranuclear palsy,R24_P2741,astrocyte,primary visual cortex
progressive supranuclear palsy,R24_P2741,astrocyte,insular cortex
progressive supranuclear palsy,R24_P2741,astrocyte,Brodmann (1909) area 4
progressive supranuclear palsy,R24_P2741,endothelial cell of vascular tree,primary visual cortex
progressive supranuclear palsy,R24_P2741,endothelial cell of vascular tree,Brodmann (1909) area 4
progressive supranuclear palsy,R24_P2741,glutamatergic neuron,primary visual cortex
progressive supranuclear palsy,R24_P2741,glutamatergic neuron,insular cortex
progressive supranuclear palsy,R24_P2741,glutamatergic neuron,Brodmann (1909) area 4
progressive supranuclear palsy,R24_P2741,inhibitory interneuron,primary visual cortex
progressive supranuclear palsy,R24_P2741,inhibitory interneuron,insular cortex
progressive supranuclear palsy,R24_P2741,inhibitory interneuron,Brodmann (1909) area 4
progressive supranuclear palsy,R24_P2741,microglial cell,primary visual cortex
progressive supranuclear palsy,R24_P2741,microglial cell,insular cortex
progressive supranuclear palsy,R24_P2741,microglial cell,Brodmann (1909) area 4
progressive supranuclear palsy,R24_P2741,oligodendrocyte,primary visual cortex
progressive supranuclear palsy,R24_P2741,oligodendrocyte,insular cortex
progressive supranuclear palsy,R24_P2741,oligodendrocyte,Brodmann (1909) area 4
progressive supranuclear palsy,R24_P2741,oligodendrocyte precursor cell,primary visual cortex
progressive supranuclear palsy,R24_P2741,oligodendrocyte precursor cell,insular cortex
progressive supranuclear palsy,R24_P2741,oligodendrocyte precursor cell,Brodmann (1909) area 4
progressive supranuclear palsy,R24_P2741,pericyte,insular cortex
progressive supranuclear palsy,R24_P2741,pericyte,Brodmann (1909) area 4
progressive supranuclear palsy,R24_P2741,T cell,insular cortex
progressive supranuclear palsy,R24_P2742,astrocyte,insular cortex
progressive supranuclear palsy,R24_P2742,astrocyte,Brodmann (1909) area 4
progressive supranuclear palsy,R24_P2742,endothelial cell of vascular tree,insular cortex
progressive supranuclear palsy,R24_P2742,glutamatergic neuron,insular cortex
progressive supranuclear palsy,R24_P2742,glutamatergic neuron,Brodmann (1909) area 4
progressive supranuclear palsy,R24_P2742,inhibitory interneuron,insular cortex
progressive supranuclear palsy,R24_P2742,inhibitory interneuron,Brodmann (1909) area 4
progressive supranuclear palsy,R24_P2742,microglial cell,insular cortex
progressive supranuclear palsy,R24_P2742,microglial cell,Brodmann (1909) area 4
progressive supranuclear palsy,R24_P2742,oligodendrocyte,insular cortex
progressive supranuclear palsy,R24_P2742,oligodendrocyte,Brodmann (1909) area 4
progressive supranuclear palsy,R24_P2742,oligodendrocyte precursor cell,insular cortex
progressive supranuclear palsy,R24_P2742,oligodendrocyte precursor cell,Brodmann (1909) area 4
progressive supranuclear palsy,R24_P2742,pericyte,insular cortex
progressive supranuclear palsy,R24_P2742,pericyte,Brodmann (1909) area 4
progressive supranuclear palsy,R24_P2743,astrocyte,primary visual cortex
progressive supranuclear palsy,R24_P2743,astrocyte,insular cortex
progressive supranuclear palsy,R24_P2743,astrocyte,Brodmann (1909) area 4
progressive supranuclear palsy,R24_P2743,endothelial cell of vascular tree,primary visual cortex
progressive supranuclear palsy,R24_P2743,endothelial cell of vascular tree,insular cortex
progressive supranuclear palsy,R24_P2743,glutamatergic neuron,primary visual cortex
progressive supranuclear palsy,R24_P2743,glutamatergic neuron,insular cortex
progressive supranuclear palsy,R24_P2743,glutamatergic neuron,Brodmann (1909) area 4
progressive supranuclear palsy,R24_P2743,inhibitory interneuron,primary visual cortex
progressive supranuclear palsy,R24_P2743,inhibitory interneuron,insular cortex
progressive supranuclear palsy,R24_P2743,inhibitory interneuron,Brodmann (1909) area 4
progressive supranuclear palsy,R24_P2743,microglial cell,primary visual cortex
progressive supranuclear palsy,R24_P2743,microglial cell,insular cortex
progressive supranuclear palsy,R24_P2743,microglial cell,Brodmann (1909) area 4
progressive supranuclear palsy,R24_P2743,oligodendrocyte,primary visual cortex
progressive supranuclear palsy,R24_P2743,oligodendrocyte,insular cortex
progressive supranuclear palsy,R24_P2743,oligodendrocyte,Brodmann (1909) area 4
progressive supranuclear palsy,R24_P2743,oligodendrocyte precursor cell,primary visual cortex
progressive supranuclear palsy,R24_P2743,oligodendrocyte precursor cell,insular cortex
progressive supranuclear palsy,R24_P2743,oligodendrocyte precursor cell,Brodmann (1909) area 4
progressive supranuclear palsy,R24_P2743,T cell,insular cortex
progressive supranuclear palsy,R24_P2744,astrocyte,insular cortex
progressive supranuclear palsy,R24_P2744,astrocyte,Brodmann (1909) area 4
progressive supranuclear palsy,R24_P2744,endothelial cell of vascular tree,insular cortex
progressive supranuclear palsy,R24_P2744,endothelial cell of vascular tree,Brodmann (1909) area 4
progressive supranuclear palsy,R24_P2744,glutamatergic neuron,insular cortex
progressive supranuclear palsy,R24_P2744,glutamatergic neuron,Brodmann (1909) area 4
progressive supranuclear palsy,R24_P2744,inhibitory interneuron,insular cortex
progressive supranuclear palsy,R24_P2744,inhibitory interneuron,Brodmann (1909) area 4
progressive supranuclear palsy,R24_P2744,microglial cell,insular cortex
progressive supranuclear palsy,R24_P2744,microglial cell,Brodmann (1909) area 4
progressive supranuclear palsy,R24_P2744,oligodendrocyte,insular cortex
progressive supranuclear palsy,R24_P2744,oligodendrocyte,Brodmann (1909) area 4
progressive supranuclear palsy,R24_P2744,oligodendrocyte precursor cell,insular cortex
progressive supranuclear palsy,R24_P2744,oligodendrocyte precursor cell,Brodmann (1909) area 4
progressive supranuclear palsy,R24_P2744,pericyte,insular cortex
progressive supranuclear palsy,R24_P2744,pericyte,Brodmann (1909) area 4
progressive supranuclear palsy,R24_P2744,T cell,insular cortex
progressive supranuclear palsy,R24_P2745,astrocyte,primary visual cortex
progressive supranuclear palsy,R24_P2745,astrocyte,insular cortex
progressive supranuclear palsy,R24_P2745,astrocyte,Brodmann (1909) area 4
progressive supranuclear palsy,R24_P2745,endothelial cell of vascular tree,insular cortex
progressive supranuclear palsy,R24_P2745,endothelial cell of vascular tree,Brodmann (1909) area 4
progressive supranuclear palsy,R24_P2745,glutamatergic neuron,primary visual cortex
progressive supranuclear palsy,R24_P2745,glutamatergic neuron,insular cortex
progressive supranuclear palsy,R24_P2745,glutamatergic neuron,Brodmann (1909) area 4
progressive supranuclear palsy,R24_P2745,inhibitory interneuron,primary visual cortex
progressive supranuclear palsy,R24_P2745,inhibitory interneuron,insular cortex
progressive supranuclear palsy,R24_P2745,inhibitory interneuron,Brodmann (1909) area 4
progressive supranuclear palsy,R24_P2745,microglial cell,primary visual cortex
progressive supranuclear palsy,R24_P2745,microglial cell,insular cortex
progressive supranuclear palsy,R24_P2745,oligodendrocyte,primary visual cortex
progressive supranuclear palsy,R24_P2745,oligodendrocyte,insular cortex
progressive supranuclear palsy,R24_P2745,oligodendrocyte,Brodmann (1909) area 4
progressive supranuclear palsy,R24_P2745,oligodendrocyte precursor cell,primary visual cortex
progressive supranuclear palsy,R24_P2745,oligodendrocyte precursor cell,insular cortex
progressive supranuclear palsy,R24_P2745,oligodendrocyte precursor cell,Brodmann (1909) area 4
